state,entity
"Average Scan Response","node101"
"Average Scan Response","node102"
"Average Scan Response","node103"
"Client load stats","node101"
"Client load stats","node102"
"Client load stats","node103"
"Client pending item stats","node101"
"Client pending item stats","node102"
"Client pending item stats","node103"
"Client stats current","node101"
"Client stats current","node102"
"Client stats current","node103"
"Has Equivalent","node101"
"Has Equivalent","node101"
"Has Equivalent","node101"
"Has Equivalent","node101"
"Has Equivalent","node101"
"Has Equivalent","node101"
"Has Equivalent","node101"
"Has Equivalent","node101"
"Has Equivalent","node101"
"Has Equivalent","node101"
"Has Equivalent","node101"
"Has Equivalent","node101"
"Has Equivalent","node101"
"Has Equivalent","node101"
"Has Equivalent","node101"
"Has Equivalent","node101"
"Has Equivalent","node101"
"Has Equivalent","node101"
"Has Equivalent","node101"
"Has Equivalent","node101"
"Has Equivalent","node101"
"Has Equivalent","node101"
"Has Equivalent","node101"
"Has Equivalent","node101"
"Has Equivalent","node101"
"Has Equivalent","node101"
"Has Equivalent","node101"
"Has Equivalent","node101"
"Has Equivalent","node101"
"Has Equivalent","node101"
"Has Equivalent","node101"
"Has Equivalent","node101"
"Has Equivalent","node101"
"Has Equivalent","node101"
"Has Equivalent","node101"
"Has Equivalent","node101"
"Has Equivalent","node101"
"Has Equivalent","node101"
"Has Equivalent","node101"
"Has Equivalent","node101"
"Has Equivalent","node101"
"Has Equivalent","node101"
"Has Equivalent","node101"
"Has Equivalent","node101"
"Has Equivalent","node101"
"Has Equivalent","node101"
"Has Equivalent","node102"
"Has Equivalent","node102"
"Has Equivalent","node102"
"Has Equivalent","node102"
"Has Equivalent","node102"
"Has Equivalent","node102"
"Has Equivalent","node102"
"Has Equivalent","node102"
"Has Equivalent","node102"
"Has Equivalent","node102"
"Has Equivalent","node102"
"Has Equivalent","node102"
"Has Equivalent","node102"
"Has Equivalent","node102"
"Has Equivalent","node102"
"Has Equivalent","node102"
"Has Equivalent","node102"
"Has Equivalent","node102"
"Has Equivalent","node102"
"Has Equivalent","node102"
"Has Equivalent","node102"
"Has Equivalent","node102"
"Has Equivalent","node102"
"Has Equivalent","node102"
"Has Equivalent","node102"
"Has Equivalent","node102"
"Has Equivalent","node102"
"Has Equivalent","node102"
"Has Equivalent","node102"
"Has Equivalent","node102"
"Has Equivalent","node102"
"Has Equivalent","node102"
"Has Equivalent","node102"
"Has Equivalent","node102"
"Has Equivalent","node102"
"Has Equivalent","node102"
"Has Equivalent","node102"
"Has Equivalent","node102"
"Has Equivalent","node102"
"Has Equivalent","node102"
"Has Equivalent","node102"
"Has Equivalent","node102"
"Has Equivalent","node102"
"Has Equivalent","node102"
"Has Equivalent","node102"
"Has Equivalent","node102"
"Has Equivalent","node103"
"Has Equivalent","node103"
"Has Equivalent","node103"
"Has Equivalent","node103"
"Has Equivalent","node103"
"Has Equivalent","node103"
"Has Equivalent","node103"
"Has Equivalent","node103"
"Has Equivalent","node103"
"Has Equivalent","node103"
"Has Equivalent","node103"
"Has Equivalent","node103"
"Has Equivalent","node103"
"Has Equivalent","node103"
"Has Equivalent","node103"
"Has Equivalent","node103"
"Has Equivalent","node103"
"Has Equivalent","node103"
"Has Equivalent","node103"
"Has Equivalent","node103"
"Has Equivalent","node103"
"Has Equivalent","node103"
"Has Equivalent","node103"
"Has Equivalent","node103"
"Has Equivalent","node103"
"Has Equivalent","node103"
"Has Equivalent","node103"
"Has Equivalent","node103"
"Has Equivalent","node103"
"Has Equivalent","node103"
"Has Equivalent","node103"
"Has Equivalent","node103"
"Has Equivalent","node103"
"Has Equivalent","node103"
"Has Equivalent","node103"
"Has Equivalent","node103"
"Has Equivalent","node103"
"Has Equivalent","node103"
"Has Equivalent","node103"
"Has Equivalent","node103"
"Has Equivalent","node103"
"Has Equivalent","node103"
"Has Equivalent","node103"
"Has Equivalent","node103"
"Has Equivalent","node103"
"Has Equivalent","node103"
"Has Replicas","node101"
"Has Replicas","node101"
"Has Replicas","node101"
"Has Replicas","node101"
"Has Replicas","node101"
"Has Replicas","node101"
"Has Replicas","node101"
"Has Replicas","node101"
"Has Replicas","node101"
"Has Replicas","node101"
"Has Replicas","node101"
"Has Replicas","node101"
"Has Replicas","node101"
"Has Replicas","node101"
"Has Replicas","node101"
"Has Replicas","node101"
"Has Replicas","node101"
"Has Replicas","node101"
"Has Replicas","node101"
"Has Replicas","node101"
"Has Replicas","node101"
"Has Replicas","node101"
"Has Replicas","node101"
"Has Replicas","node101"
"Has Replicas","node101"
"Has Replicas","node101"
"Has Replicas","node101"
"Has Replicas","node101"
"Has Replicas","node101"
"Has Replicas","node101"
"Has Replicas","node101"
"Has Replicas","node101"
"Has Replicas","node101"
"Has Replicas","node101"
"Has Replicas","node101"
"Has Replicas","node101"
"Has Replicas","node101"
"Has Replicas","node101"
"Has Replicas","node101"
"Has Replicas","node101"
"Has Replicas","node101"
"Has Replicas","node101"
"Has Replicas","node101"
"Has Replicas","node101"
"Has Replicas","node101"
"Has Replicas","node101"
"Has Replicas","node102"
"Has Replicas","node102"
"Has Replicas","node102"
"Has Replicas","node102"
"Has Replicas","node102"
"Has Replicas","node102"
"Has Replicas","node102"
"Has Replicas","node102"
"Has Replicas","node102"
"Has Replicas","node102"
"Has Replicas","node102"
"Has Replicas","node102"
"Has Replicas","node102"
"Has Replicas","node102"
"Has Replicas","node102"
"Has Replicas","node102"
"Has Replicas","node102"
"Has Replicas","node102"
"Has Replicas","node102"
"Has Replicas","node102"
"Has Replicas","node102"
"Has Replicas","node102"
"Has Replicas","node102"
"Has Replicas","node102"
"Has Replicas","node102"
"Has Replicas","node102"
"Has Replicas","node102"
"Has Replicas","node102"
"Has Replicas","node102"
"Has Replicas","node102"
"Has Replicas","node102"
"Has Replicas","node102"
"Has Replicas","node102"
"Has Replicas","node102"
"Has Replicas","node102"
"Has Replicas","node102"
"Has Replicas","node102"
"Has Replicas","node102"
"Has Replicas","node102"
"Has Replicas","node102"
"Has Replicas","node102"
"Has Replicas","node102"
"Has Replicas","node102"
"Has Replicas","node102"
"Has Replicas","node102"
"Has Replicas","node102"
"Has Replicas","node103"
"Has Replicas","node103"
"Has Replicas","node103"
"Has Replicas","node103"
"Has Replicas","node103"
"Has Replicas","node103"
"Has Replicas","node103"
"Has Replicas","node103"
"Has Replicas","node103"
"Has Replicas","node103"
"Has Replicas","node103"
"Has Replicas","node103"
"Has Replicas","node103"
"Has Replicas","node103"
"Has Replicas","node103"
"Has Replicas","node103"
"Has Replicas","node103"
"Has Replicas","node103"
"Has Replicas","node103"
"Has Replicas","node103"
"Has Replicas","node103"
"Has Replicas","node103"
"Has Replicas","node103"
"Has Replicas","node103"
"Has Replicas","node103"
"Has Replicas","node103"
"Has Replicas","node103"
"Has Replicas","node103"
"Has Replicas","node103"
"Has Replicas","node103"
"Has Replicas","node103"
"Has Replicas","node103"
"Has Replicas","node103"
"Has Replicas","node103"
"Has Replicas","node103"
"Has Replicas","node103"
"Has Replicas","node103"
"Has Replicas","node103"
"Has Replicas","node103"
"Has Replicas","node103"
"Has Replicas","node103"
"Has Replicas","node103"
"Has Replicas","node103"
"Has Replicas","node103"
"Has Replicas","node103"
"Has Replicas","node103"
"Indexers","node101"
"Indexers","node102"
"Indexers","node103"
"Number concurrent scans","node101"
"Number concurrent scans","node102",
"Number concurrent scans","node103",
"QueryPort","node101"
"QueryPort","node102"
"QueryPort","node103"
"Scans","node101"
"Scans","node102"
"Scans","node103"